species,allele,length,cv,sequence,inequality,ic50,smm,cluster,ratio
human,HLA A*3002,9,4,TYKKKNNHI,=,162.0,633.2,0,0.06666666666666667
human,HLA A*3002,9,3,NYMKIMNHL,=,110.0,870.7,0,0.06666666666666667
human,HLA A*3002,9,3,SSFFMNRFY,=,7.5,789.3,1,0.16666666666666666
human,HLA A*3002,9,1,RMTSLKNEL,=,14.0,1207.1,0,0.06666666666666667
human,HLA A*3002,9,1,QYPSGQGSF,=,1.16943,685.9,0,0.06666666666666667
human,HLA A*3002,9,3,SQSDTVFDY,=,2.44232,79.8,2,0.5
human,HLA A*3002,9,0,QYSQPQQPI,=,93.2957,82.5,0,0.06666666666666667
human,HLA A*3002,9,1,VSSIFISFY,=,55.0,750.8,1,0.16666666666666666
human,HLA A*3002,9,3,HQYSERGRW,=,230.079,134.3,0,0.06666666666666667
human,HLA A*3002,9,4,YYNNFNNNY,=,58.0,52.6,0,0.06666666666666667
human,HLA A*3002,9,1,SSPLFNNFY,=,41.0,319.0,0,0.06666666666666667
human,HLA A*3002,9,0,KTSTLIFFV,=,251.418,8.4,1,0.16666666666666666
human,HLA A*3002,9,1,KYINFINFI,=,55.0,6617.0,0,0.06666666666666667
human,HLA A*3002,9,1,KVSDEIWNY,=,1.9,37.1,0,0.06666666666666667
human,HLA A*3002,9,4,KYNYFIHFF,=,2.7,569.3,0,0.06666666666666667
human,HLA A*3002,9,2,VYIPPYCTI,=,343.7480000000001,1794.2,0,0.06666666666666667
human,HLA A*3002,9,1,TWKPTIFLL,=,306.0,851.2,0,0.06666666666666667
human,HLA A*3002,9,0,IMNHLMTLY,=,1.8,518.2,1,0.16666666666666666
human,HLA A*3002,9,3,GTHVLLPFY,=,1.20873,87.8,1,0.16666666666666666
human,HLA A*3002,9,3,LEASISGKY,=,87.0,34.3,0,0.06666666666666667
human,HLA A*3002,9,1,FYITTRYKY,=,7.5,1903.9,0,0.06666666666666667
human,HLA A*3002,9,2,FTIDFKLKY,=,265.769,417.1,2,0.5
human,HLA A*3002,9,0,DMCDIYLLY,=,261.938,2664.8,1,0.16666666666666666
