species,allele,length,cv,sequence,inequality,ic50,smm,cluster,ratio
human,HLA B*0801,9,3,FVRTLFQQM,=,188.0,1023.5,0,0.07142857142857142
human,HLA B*0801,9,2,YLKKWLNSF,=,69.5,3199.7,0,0.07142857142857142
human,HLA B*0801,9,2,RDALGRTAL,=,499.5,3602.5,1,0.5
human,HLA B*0801,9,2,FPRGQGVPI,=,129.5,7094.6,0,0.07142857142857142
human,HLA B*0801,9,2,NNKSRLVAF,=,161.0,1823.9,1,0.5
human,HLA B*0801,9,2,IPRRNVATL,=,71.0,3715.6,0,0.07142857142857142
human,HLA B*0801,9,0,QARQMVQAM,=,466.0,724.2,0,0.07142857142857142
human,HLA B*0801,9,2,IPKRNRSIL,=,268.0,1570.8,0,0.07142857142857142
human,HLA B*0801,9,4,LPQTRWQAV,=,188.55,7135.4,0,0.07142857142857142
human,HLA B*0801,9,4,FLHPKHWGT,=,285.45,14099.4,0,0.07142857142857142
human,HLA B*0801,9,4,VFKVKLHEI,=,391.35,13836.6,0,0.07142857142857142
human,HLA B*0801,9,4,FPREGVFVF,=,116.0,1938.3,0,0.07142857142857142
human,HLA B*0801,9,3,RGRAATMAL,=,253.0,5637.2,0,0.07142857142857142
human,HLA B*0801,9,1,RPYGKFRAM,=,67.31,1369.8,0,0.07142857142857142
human,HLA B*0801,9,0,FVRQCFNPM,=,359.0,686.5,0,0.07142857142857142
human,HLA B*0801,9,2,YRYLRHGKL,=,104.5,4120.5,0,0.07142857142857142
