species,allele,length,cv,sequence,inequality,ic50,smm,cluster,ratio
human,HLA A*2403,9,2,YTPLNYSKF,=,1.26,386.9,0,0.06666666666666667
human,HLA A*2403,9,0,GYLNACGHF,=,1.69,26.2,1,0.125
human,HLA A*2403,9,1,QYPAFVLFI,=,1.92,333.1,1,0.125
human,HLA A*2403,9,2,RYQRMTGGY,=,6.21,1262.8,1,0.125
human,HLA A*2403,9,4,GMLSSLHTL,=,215.19,882.0,1,0.125
human,HLA A*2403,9,3,VFKVKLHEI,=,92.31,989.2,0,0.06666666666666667
human,HLA A*2403,9,4,YYYNFSEDL,=,1.05,96.2,1,0.125
human,HLA A*2403,9,0,EHFYWGSVF,=,318.4,1182.3,1,0.125
human,HLA A*2403,9,2,YLKKWLNSF,=,8.35,1919.1,0,0.06666666666666667
human,HLA A*2403,9,0,AYLLQHLDL,=,1.53,63.7,0,0.06666666666666667
human,HLA A*2403,9,1,AYYWNQNGF,=,2.23,12.3,0,0.06666666666666667
human,HLA A*2403,9,4,FYKRKAMAW,=,1.3,63.7,0,0.06666666666666667
human,HLA A*2403,9,3,AVMFFPFWF,=,339.3,181.3,1,0.125
human,HLA A*2403,9,1,VFLPNTHNL,=,1.55,182.4,0,0.06666666666666667
human,HLA A*2403,9,3,AYGSRFHEW,=,1.84,139.6,0,0.06666666666666667
human,HLA A*2403,9,0,RMLPKLAEF,=,1.17,182.9,0,0.06666666666666667
human,HLA A*2403,9,1,QFAGGSFDF,=,335.7,143.0,0,0.06666666666666667
human,HLA A*2403,9,4,AFDIASVFF,=,3.02,187.7,0,0.06666666666666667
human,HLA A*2403,9,4,VYFSPWFFL,=,19.74,234.5,1,0.125
human,HLA A*2403,9,4,AYQQGVKTL,=,3.14,37.9,0,0.06666666666666667
human,HLA A*2403,9,1,SYPPPPASF,<,1.0,31.4,0,0.06666666666666667
human,HLA A*2403,9,2,TFMYVFSTF,=,6.39,338.6,0,0.06666666666666667
human,HLA A*2403,9,4,VMLLDIDYF,=,6.73,240.7,0,0.06666666666666667
