species,allele,length,cv,sequence,inequality,ic50,smm,cluster,ratio
human,HLA A*2301,9,2,FFLKSKFNI,=,49.0,362.5,0,0.3333333333333333
human,HLA A*2301,9,2,AYEDNYNKF,=,7.81413,17.1,1,0.07142857142857142
human,HLA A*2301,9,4,IFHFFLFLL,=,80.0,452.0,2,1.0
human,HLA A*2301,9,1,KYEALIKLL,=,484.0,27.3,3,0.2
human,HLA A*2301,9,0,AMIDNYNKF,=,7.66903,87.5,1,0.07142857142857142
human,HLA A*2301,9,1,VWINNSWKF,=,1.84839,281.5,4,1.0
human,HLA A*2301,9,1,FYITTRYKY,=,11.0,517.9,0,0.3333333333333333
human,HLA A*2301,9,2,VFLVFSNVL,=,6.9,108.4,5,1.0
human,HLA A*2301,9,4,DMCDIYLLY,=,471.762,4914.5,6,1.0
human,HLA A*2301,9,0,EYEPTANLL,=,44.0,8.1,3,0.2
human,HLA A*2301,9,0,AQQFCQYLI,=,85.2753,2022.9,7,0.5
human,HLA A*2301,9,3,ASIDNYNKF,=,168.387,362.6,1,0.07142857142857142
human,HLA A*2301,9,0,AYSDNYNKF,=,7.844310000000001,21.9,1,0.07142857142857142
human,HLA A*2301,9,0,ACIDNYNKF,=,241.001,175.4,1,0.07142857142857142
human,HLA A*2301,9,0,NYFIHFFTW,=,1.3,74.8,8,1.0
human,HLA A*2301,9,2,LYYLFNQHI,=,1.4,488.9,9,1.0
human,HLA A*2301,9,3,AYIDNYNKW,=,3.2926300000000004,189.6,1,0.07142857142857142
human,HLA A*2301,9,0,KYINFINFI,<,1.0,19.6,3,0.2
human,HLA A*2301,9,3,AQIDNYNKF,=,3.72402,732.9,1,0.07142857142857142
human,HLA A*2301,9,0,HFFTWGTMF,=,5.7,1326.0,10,1.0
human,HLA A*2301,9,3,YYNKSTEKL,=,106.0,273.1,11,1.0
human,HLA A*2301,9,2,AYKDNYNKF,=,138.619,11.1,1,0.07142857142857142
human,HLA A*2301,9,4,AYIDNYNKF,<,1.0,19.7,1,0.07142857142857142
human,HLA A*2301,9,4,FQESFYEDI,=,263.367,4082.1,12,1.0
human,HLA A*2301,9,1,VQYRILPMI,=,336.466,504.2,13,0.5
human,HLA A*2301,9,4,ATIDNYNKF,=,347.68300000000005,126.0,1,0.07142857142857142
human,HLA A*2301,9,3,AYIDNYNKI,=,8.56415,116.6,1,0.07142857142857142
human,HLA A*2301,9,3,AGIDNYNKF,=,150.173,204.1,1,0.07142857142857142
human,HLA A*2301,9,4,TYGIIVPVL,=,41.0,67.7,3,0.2
human,HLA A*2301,9,1,VYRHCEYIL,=,64.0,88.6,7,0.5
human,HLA A*2301,9,1,AYIDNYNKV,=,185.204,1420.0,1,0.07142857142857142
human,HLA A*2301,9,2,TWKPTIFLL,=,11.0,226.9,14,1.0
human,HLA A*2301,9,1,NYMKIMNHL,=,1.7,29.2,15,1.0
human,HLA A*2301,9,4,KYNYFIHFF,<,1.0,14.0,3,0.2
human,HLA A*2301,9,4,SQYLELDTI,=,459.064,3727.9,16,1.0
human,HLA A*2301,9,4,MFVPKYFEL,=,11.0,9438.2,0,0.3333333333333333
human,HLA A*2301,9,3,SYKVNCINF,=,15.0,38.6,17,1.0
human,HLA A*2301,9,2,VYYNILIVL,=,52.0,12.3,13,0.5
human,HLA A*2301,9,3,AYNDNYNKF,=,19.5651,34.0,1,0.07142857142857142
